Customer_ID,Name,City,Contact_Number,Email,Gender
C001,Tara Krishnan,Panchkula,9.17194E+11,mandrati@chad.org,Female
C002,Myra Edwin,Bulandshahr,8915420519,yshukla@hotmail.com,Female
C003,Jayesh Lanka,Bilaspur,7400208126,kavyabarad@hotmail.com,Male
C004,Tarini Bava,Miryalaguda,7232349928,vsen@hotmail.com,Male
C005,Hiran Kaul,Kottayam,2207644242,hanshkapur@buch.biz,Male
C006,Rania Mann,Karimnagar,9.19364E+11,evaswamy@biswas-sekhon.com,Female
C007,Jayant Kamdar,Berhampore,9.18577E+11,pcontractor@hotmail.com,Male
C008,Veer Ray,Chinsurah,7138085704,uthkarshjohal@yahoo.com,Female
C009,Ritvik Borah,Madurai,1336765676,daliajivika@yahoo.com,Female
C010,Darshit Dave,Kanpur,1608833065,fateh26@hotmail.com,Male
C011,Lagan Kapoor,Orai,9.16174E+11,rsidhu@gmail.com,Female
C012,Onkar Mangat,Bilaspur,9.19921E+11,oorjabassi@wali.com,Male
C013,Manikya Goswami,Mangalore,9.12113E+11,settytara@gmail.com,Female
C014,Indrans Shukla,Panvel,2717671919,rajagopalfateh@dhingra.info,Female
C015,Romil Bajwa,Kolkata,9.18664E+11,taimurkashyap@halder.com,Female
C016,Amani Ganesh,Tenali,8482992702,sumerkaur@yahoo.com,Male
C017,Advika Dhar,Gangtok,9.12739E+11,pmaster@deol.com,Male
C018,Eva Vaidya,Nizamabad,9.1908E+11,drishya20@kapadia.com,Male
C019,Amira Sengupta,Danapur,9.14513E+11,purab20@dhar.com,Male
C020,Samaira Ganesh,Machilipatnam,1731643700,golesana@varty-gill.com,Male
C021,Siya Talwar,Mehsana,9.15555E+11,hsunder@raman.info,Male
C022,Ivana Rout,Khandwa,9.13112E+11,adhar@yahoo.com,Male
C023,Abram Sandhu,Bidhannagar,7196287267,sibalnitya@bhasin.net,Male
C024,Jhanvi Chowdhury,Kavali,9.10317E+11,magarvardaniya@biswas.com,Female
C025,Ira Bava,Singrauli,9.17406E+11,rastogizain@yahoo.com,Female
C026,Ira Chahal,Farrukhabad,9.18716E+11,ayeshathakkar@yahoo.com,Female
C027,Kashvi Sur,Serampore,3431035116,edwinkeya@gmail.com,Female
C028,Hridaan Rajagopalan,Noida,2539728317,indrans49@thaman-chopra.net,Female
C029,Badal Sathe,Haridwar,9.12454E+11,lavanya23@yahoo.com,Female
C030,Vardaniya Contractor,Sambhal,9972300876,choprakavya@dugar.org,Male
C031,Madhup Wable,Sasaram,135745753,priyansh11@dua-tella.com,Female
C032,Mannat Anand,Surat,1611365500,advika02@gmail.com,Male
C033,Suhana Kurian,Indore,5713958095,nbains@hotmail.com,Female
C034,Hridaan Sood,Bhatpara,6652710577,drishyabalan@yahoo.com,Male
C035,Ira Sarna,Vellore,9.169E+11,zben@cherian.org,Male
C036,Biju Bajwa,Dibrugarh,9.18722E+11,choudhryrohan@hotmail.com,Female
C037,Aradhya Kumar,Davanagere,1972392634,faiyaz10@yahoo.com,Male
C038,Yakshit Shah,Aizawl,2847411902,kthaker@gmail.com,Female
C039,Kaira Bahl,Kamarhati,9.18805E+11,keerzara@deshpande-sandhu.net,Male
C040,Hazel Mangat,Pallavaram,9.18811E+11,aarnakrishna@chokshi.org,Female
C041,Rati Dhingra,Karaikudi,625408216,nirvisekhon@yahoo.com,Male
C042,Eshani Sharma,Ajmer,9.16843E+11,waliavaibhav@yahoo.com,Male
C043,Yasmin Sheth,Vellore,2544865070,aliavasa@chakraborty-koshy.com,Female
C044,Seher Mann,Agra,9843970658,vardaniyakaran@krishnamurthy.com,Male
C045,Divit Mahajan,Maheshtala,6789522856,krishchoudhury@kakar.com,Female
C046,Tara Kannan,Guna,9.17543E+11,madanheer@gmail.com,Male
C047,Bhamini Ravi,Jorhat,9.10798E+11,ramachandranraghav@uppal-bhandari.com,Male
C048,Aradhya Kale,Guntakal,7979926231,gkhanna@tripathi.biz,Male
C049,Aarush Balasubramanian,Imphal,1436426958,divijsheth@doshi.com,Female
C050,Chirag Srinivas,Imphal,9.11158E+11,xmand@hotmail.com,Female
C051,Aradhya Batta,Kota,9.11201E+11,diyakapadia@gmail.com,Female
C052,Vardaniya Apte,Dhanbad,5846932069,ysoman@thaman.com,Male
C053,Kismat Kapadia,Bharatpur,9.18068E+11,aniruddhbhatia@apte-ramaswamy.net,Female
C054,Umang Ahuja,Bidhannagar,7271590783,saksham09@hotmail.com,Female
C055,Umang Luthra,Imphal,2007986762,manikya74@bava.com,Male
C056,Pihu Choudhury,Haridwar,9732644810,dhanuksastry@yahoo.com,Male
C057,Zain Hegde,Delhi,8736997123,faiyazsagar@thakur-chakrabarti.com,Female
C058,Charvi Kanda,Guntakal,9.19772E+11,miraan05@gmail.com,Male
C059,Nirvi Wagle,Kalyan-Dombivli,5869821393,mandalbhamini@gmail.com,Male
C060,Riya Wagle,Satara,214103009,veercheema@khosla.com,Male
C061,Akarsh Ramesh,Kavali,4318554567,tsaini@johal-char.com,Female
C062,Inaaya  Sarraf,Nagpur,9.15915E+11,kotharilakshay@cherian.com,Male
C063,Arhaan Ahluwalia,Jamnagar,5287021467,pihu31@edwin-bawa.com,Male
C064,Indrajit Kale,Srikakulam,9.16181E+11,sabharwalmamooty@tella.com,Male
C065,Badal Vora,North Dumdum,9753056313,kbobal@hotmail.com,Male
C066,Eshani Buch,Malegaon,7436178055,traval@ratta-bumb.net,Female
C067,Eva Sankaran,Anand,407409251,zdhar@gmail.com,Male
C068,Ritvik Garde,Kalyan-Dombivli,9.1372E+11,parinaaz89@varty-gaba.com,Male
C069,Hunar Tripathi,Madhyamgram,1440411271,gabainaaya@chhabra.info,Female
C070,Emir Gokhale,Bhatpara,3859920805,emirlala@sethi-kari.com,Male
C071,Purab Sheth,Tiruppur,8410472405,suhana89@yahoo.com,Male
C072,Charvi Karnik,Hyderabad,7573085232,mishti69@cheema.info,Male
C073,Zeeshan Tailor,Parbhani,9.18038E+11,vardaniya27@yahoo.com,Male
C074,Vanya Apte,Sultan Pur Majra,9.19183E+11,gdoshi@gmail.com,Female
C075,Yashvi Bansal,Aligarh,9.14514E+11,indranilsastry@gmail.com,Female
C076,Oorja Dayal,Gaya,9.16937E+11,indrajit78@balay-ravi.com,Female
C077,Gokul Ahluwalia,Panchkula,9.10414E+11,khalsatarini@bora.com,Female
C078,Jivika Rajan,Bhubaneswar,3005266310,hunar08@hotmail.com,Female
C079,Vedika Sankaran,Bhilai,7606054646,advikakrishnan@hotmail.com,Female
C080,Mohanlal Garde,Bhopal,8448890371,shroffzaina@hotmail.com,Male
C081,Kaira Ramachandran,Ratlam,4987395025,baradnirvi@yahoo.com,Male
C082,Anya Chaudhari,Ahmednagar,813770782,subramanianojas@gmail.com,Female
C083,Aaryahi Sodhi,Raurkela Industrial Township,9.1269E+11,devanromil@hotmail.com,Male
C084,Anahita Shankar,Tiruchirappalli,9.12206E+11,jchada@hotmail.com,Male
C085,Bhamini Johal,Raipur,9.13129E+11,prisha85@gaba.com,Male
C086,Ivana Amble,Purnia,9628920018,sundarampari@garg-khurana.biz,Female
C087,Rania Bhatt,North Dumdum,2112404207,dishanithaker@dey-choudhry.info,Female
C088,Shalv Kulkarni,Khora ,9.19113E+11,uthkarsh12@yahoo.com,Female
C089,Oorja Dey,Nellore,9.17264E+11,shanaya87@gmail.com,Female
C090,Drishya De,Anantapuram,3327374841,kakarazad@sura.com,Female
C091,Adira Rajan,New Delhi,9.15525E+11,indrans79@gmail.com,Female
C092,Zoya Mani,Dibrugarh,9.18918E+11,obose@gmail.com,Male
C093,Mamooty Bawa,Tumkur,9.12783E+11,veer55@chaudhari.net,Male
C094,Raghav Babu,Deoghar,9.14638E+11,shenoynirvaan@chawla.com,Female
C095,Mahika Cherian,Warangal,2769457161,pgala@yahoo.com,Female
C096,Kavya Reddy,Medininagar,9.18681E+11,balakrishnanzaina@gmail.com,Male
C097,Nakul Randhawa,Sri Ganganagar,456900126,tlall@ramanathan.info,Female
C098,Navya Golla,Cuttack,9.14461E+11,tellamadhup@bhatt-bhasin.info,Male
C099,Ranbir Loyal,Dhanbad,9.13621E+11,reyanshghosh@rajagopalan.com,Female
C100,Pranay Chaudhary,Phagwara,9.19479E+11,prisha77@loke.org,Female
